rank,phd_school,phd_country,n,n_dest,score,D,T,R,I,is_prestigious,retention_rate,uplift,intl_rate,self_ret,pct_tenure_track,pct_permanent_research,pct_industry_senior,pct_government,pct_industry_entry,pct_postdoc,pct_further_education,pct_unknown
1,massachusetts institute of technology,us,126,95,100.0,0.5290676720929035,0.8191037477631947,1.0,0.638095238095238,True,0.3968253968253968,-0.19521744995730617,0.29365079365079366,0.0,63.5,1.6,1.6,7.1,0.0,3.2,4.0,19.0
2,london school of economics department of economics,gb,26,24,95.88,0.4524123814927666,0.7801988515962267,1.0,0.8615384615384616,True,0.7692307692307693,0.21214986835361993,0.6153846153846154,0.0,65.4,0.0,3.8,3.8,0.0,3.8,3.8,19.2
3,the university of chicago,us,26,24,95.34,0.4449686467212748,0.7747640689875311,1.0,0.8846153846153846,True,0.8076923076923077,0.19898018375790372,0.5,0.0,57.7,0.0,3.8,15.4,0.0,0.0,3.8,19.2
4,university of california san diego,us,34,31,94.95,0.4365737105155666,0.7849842069153042,1.0,0.8764705882352941,True,0.7941176470588235,0.1578274499966822,0.4411764705882353,0.0,67.6,0.0,0.0,2.9,0.0,5.9,5.9,17.6
5,"university of california, berkeley",us,65,56,93.65,0.5037393182264562,0.7998723196873698,1.0,0.64,True,0.4,-0.11987078527794537,0.36923076923076925,0.0,63.1,1.5,1.5,9.2,0.0,7.7,9.2,7.7
6,university of california los angeles,us,32,32,92.77,0.4460052207777423,0.7853682148735851,1.0,0.8125,True,0.6875,6.505137475631972e-05,0.71875,0.0,65.6,0.0,0.0,6.2,0.0,9.4,3.1,15.6
7,boston university,us,91,83,92.77,0.4791191129266956,0.7773797042651029,1.0,0.7428571428571429,True,0.5714285714285714,-0.04193792817369446,0.6813186813186813,0.0,56.0,3.3,0.0,4.4,0.0,13.2,4.4,18.7
8,university of rochester,us,56,53,92.31,0.46788422805481705,0.8005150943871898,1.0,0.7107142857142857,True,0.5178571428571429,-0.12313944078818051,0.5892857142857143,0.0,66.1,0.0,1.8,7.1,0.0,7.1,8.9,8.9
9,princeton university,us,111,94,88.99,0.4855575771869451,0.8006805127742475,1.0,0.6054054054054054,True,0.34234234234234234,-0.1986401712606376,0.40540540540540543,0.0,57.7,2.7,1.8,9.0,0.0,8.1,3.6,17.1
10,university of texas at austin,us,39,37,88.89,0.43122412609863814,0.7786296131089225,1.0,0.8,True,0.6666666666666666,0.06263117764789611,0.48717948717948717,0.0,61.5,0.0,0.0,10.3,0.0,5.1,7.7,15.4
11,university of california davis,us,66,60,87.98,0.44387391919167085,0.7963854322491446,1.0,0.7090909090909091,True,0.5151515151515151,-0.0722246429014275,0.3939393939393939,0.0,65.2,0.0,0.0,0.0,1.5,7.6,1.5,24.2
12,university of chicago,us,130,109,87.32,0.4988565804454945,0.8115943144895096,1.0,0.5153846153846154,True,0.19230769230769232,-0.28016992000942464,0.38461538461538464,0.0,60.8,3.1,3.1,3.8,0.8,9.2,3.1,16.2
13,university of minnesota system,us,26,26,86.91,0.4055485446905137,0.7965031994223137,1.0,0.7923076923076924,True,0.6538461538461539,0.1292369263188649,0.34615384615384615,0.0,73.1,0.0,0.0,7.7,0.0,0.0,7.7,11.5
14,university of toronto,ca,53,46,86.04,0.49173372324354575,0.7820431119647455,1.0,0.5811320754716981,True,0.3018867924528302,-0.20232140487077,0.5471698113207547,0.0,62.3,0.0,0.0,1.9,0.0,13.2,1.9,20.8
15,"university of california, los angeles",us,15,14,85.87,0.43309548804721915,0.7368327763836122,1.0,0.84,True,0.7333333333333333,0.21672052244113788,0.5333333333333333,0.0,46.7,0.0,0.0,20.0,0.0,6.7,0.0,26.7
16,yale university,us,126,109,85.58,0.478679732337445,0.8242407340645646,1.0,0.5095238095238095,True,0.18253968253968253,-0.34274547453889026,0.40476190476190477,0.0,65.9,1.6,0.0,6.3,1.6,5.6,4.8,14.3
17,university of pennsylvania,us,110,100,84.13,0.48315107765414694,0.7991472859494341,1.0,0.5309090909090909,True,0.21818181818181817,-0.2590846359118628,0.4636363636363636,0.0,60.0,1.8,0.0,7.3,0.9,6.4,4.5,19.1
18,university of california berkeley,us,129,114,83.35,0.4738790140908578,0.7922090414323921,1.0,0.5581395348837209,True,0.26356589147286824,-0.23512810795761208,0.4496124031007752,0.0,58.1,1.6,1.6,7.8,0.0,7.8,7.0,16.3
19,northwestern university,us,76,67,83.2,0.462868443908234,0.773324449723192,1.0,0.6289473684210527,True,0.3815789473684211,-0.14607468600333806,0.5131578947368421,0.0,56.6,1.3,2.6,3.9,0.0,11.8,6.6,17.1
20,university of wisconsin madison,us,77,75,83.16,0.4373677930536289,0.7833932698291385,1.0,0.6727272727272727,True,0.45454545454545453,-0.08702710315740486,0.42857142857142855,0.0,55.8,5.2,2.6,5.2,1.3,7.8,7.8,14.3
21,ucla,us,15,15,82.87,0.3859944198523214,0.7511184906693266,1.0,0.88,True,0.8,0.14807807373456394,0.4666666666666667,0.0,53.3,0.0,0.0,20.0,0.0,6.7,0.0,20.0
22,stanford university,us,138,119,81.39,0.4908686266703499,0.7812604251482685,1.0,0.5043478260869565,True,0.17391304347826086,-0.3205984797084458,0.427536231884058,0.0,58.7,0.7,2.2,2.2,1.4,5.8,8.7,20.3
23,stony brook university,us,27,27,80.92,0.36259820188054676,0.7976414292218388,1.0,0.8,True,0.6666666666666666,0.10171379585420648,0.6666666666666666,0.0,66.7,7.4,0.0,3.7,0.0,11.1,0.0,11.1
24,university college london,gb,54,48,80.74,0.48787878276827,0.7721506374787356,1.0,0.5222222222222223,True,0.2037037037037037,-0.30573716221504654,0.7592592592592593,0.0,53.7,1.9,5.6,5.6,0.0,9.3,3.7,20.4
25,harvard university,us,155,125,80.73,0.49271683976799163,0.7790808409910082,1.0,0.49290322580645163,True,0.15483870967741936,-0.33766555405876975,0.4258064516129032,0.0,55.5,1.9,2.6,3.9,1.9,6.5,7.7,20.0
26,university of pittsburgh,us,47,45,80.3,0.39713411998387516,0.8155096593048721,1.0,0.6553191489361703,True,0.425531914893617,-0.07889887987676414,0.425531914893617,0.0,72.3,4.3,0.0,0.0,0.0,2.1,6.4,14.9
27,ohio state university,us,62,56,80.25,0.4477854558079079,0.7754774045539808,1.0,0.6129032258064516,True,0.3548387096774194,-0.12917128946460033,0.6935483870967742,0.0,59.7,1.6,1.6,0.0,0.0,11.3,4.8,21.0
28,pennsylvania state university,us,65,61,80.07,0.43195611371580334,0.7845782020403108,1.0,0.6307692307692307,True,0.38461538461538464,-0.15220152239267198,0.5692307692307692,0.0,60.0,1.5,4.6,1.5,1.5,12.3,7.7,10.8
29,university of british columbia,ca,44,40,80.05,0.44667388123325397,0.8138929245847879,1.0,0.5227272727272727,True,0.20454545454545456,-0.22854597373233698,0.6818181818181818,0.0,72.7,0.0,0.0,2.3,0.0,9.1,2.3,13.6
30,brown university,us,68,64,79.64,0.45255945797442415,0.7470357633343913,1.0,0.6558823529411765,True,0.4264705882352941,-0.112842893834737,0.5441176470588235,0.0,50.0,0.0,1.5,5.9,0.0,14.7,4.4,23.5
31,johns hopkins university,us,41,40,79.44,0.4105914927024159,0.7965433962856792,1.0,0.6487804878048781,True,0.4146341463414634,-0.11165817860810162,0.4878048780487805,0.0,58.5,4.9,4.9,9.8,2.4,7.3,4.9,7.3
32,university of wisconsin–madison,us,44,42,78.04,0.44090752216243345,0.7295179245847879,1.0,0.7,True,0.5,-0.07153085420972138,0.45454545454545453,0.0,43.2,4.5,2.3,2.3,4.5,13.6,4.5,25.0
33,university of london,gb,18,18,78.0,0.36720185412086176,0.7562933466691164,1.0,0.8333333333333333,True,0.7222222222222222,0.13785218909669789,0.6666666666666666,0.0,66.7,0.0,5.6,0.0,0.0,5.6,16.7,5.6
34,university of illinois urbana-champaign,us,34,32,76.94,0.4167931313856296,0.7488730958041931,1.0,0.7,True,0.5,-0.07171058252319906,0.5,0.0,50.0,2.9,2.9,2.9,0.0,14.7,0.0,26.5
35,university of michigan,us,95,82,76.72,0.46550825295116377,0.7794708449863167,1.0,0.49473684210526314,True,0.15789473684210525,-0.27493305854967887,0.28421052631578947,0.0,54.7,3.2,1.1,7.4,0.0,7.4,5.3,21.1
36,cornell university,us,122,111,76.36,0.4498024040101635,0.7847827265734256,1.0,0.5180327868852459,True,0.19672131147540983,-0.3013319425483061,0.45081967213114754,0.0,55.7,1.6,3.3,4.1,2.5,10.7,4.9,17.2
37,columbia university,us,74,67,76.29,0.4613225173019134,0.7695653954619832,1.0,0.5216216216216216,True,0.20270270270270271,-0.29730452605832747,0.5135135135135135,0.0,51.4,2.7,2.7,10.8,0.0,8.1,6.8,17.6
38,university of amsterdam,nl,25,25,75.53,0.4362898560485151,0.7108699371872539,1.0,0.712,True,0.52,-0.0605323384379759,0.6,0.0,36.0,8.0,8.0,4.0,0.0,24.0,12.0,8.0
39,"university of maryland, college park",us,27,27,75.51,0.38760616159703976,0.7572158973069453,1.0,0.7333333333333334,True,0.5555555555555556,-0.011615604683931802,0.3333333333333333,0.0,48.1,3.7,3.7,11.1,3.7,7.4,0.0,22.2
40,university of oregon,us,21,21,75.5,0.3094700954947148,0.8424182237421081,1.0,0.7428571428571429,True,0.5714285714285714,0.013084391108308446,0.047619047619047616,0.0,95.2,0.0,0.0,0.0,0.0,4.8,0.0,0.0
41,purdue university,us,80,66,75.3,0.4355354425842123,0.7633914717342642,1.0,0.5875,True,0.3125,-0.2173837429267605,0.3875,0.0,50.0,0.0,5.0,5.0,2.5,17.5,1.2,18.8
42,university of illinois at urbana-champaign,us,37,35,75.28,0.3974066812519216,0.7620903012881829,1.0,0.6918918918918919,True,0.4864864864864865,-0.04245969234492958,0.5675675675675675,0.0,56.8,0.0,2.7,5.4,0.0,13.5,5.4,16.2
43,washington university in st. louis,us,16,15,75.19,0.3820853917984266,0.7594207548174007,1.0,0.7375,True,0.5625,-0.025473102742532727,0.6875,0.0,68.8,0.0,0.0,0.0,0.0,6.2,6.2,18.8
44,london school of economics and political science,gb,61,57,74.81,0.47368893523052535,0.7375203354744004,1.0,0.5377049180327869,True,0.22950819672131148,-0.28366415678725443,0.7377049180327869,0.0,50.8,0.0,0.0,3.3,0.0,9.8,6.6,29.5
45,university of zurich,ch,22,18,74.57,0.39033449980864593,0.7497415993672958,1.0,0.7272727272727273,True,0.5454545454545454,-0.0622552276110962,0.45454545454545453,0.0,54.5,4.5,4.5,0.0,0.0,18.2,4.5,13.6
46,university of wisconsin-madison,us,36,35,74.48,0.40537611690169884,0.7149847709540433,1.0,0.7666666666666667,True,0.6111111111111112,-0.0018143415621332815,0.3333333333333333,0.0,41.7,0.0,5.6,5.6,0.0,5.6,8.3,33.3
47,washington university in saint louis,us,22,22,73.9,0.36234828501054545,0.7533130279387246,1.0,0.7818181818181817,True,0.6363636363636364,0.06274736578226786,0.45454545454545453,0.0,63.6,0.0,0.0,0.0,0.0,0.0,9.1,27.3
48,new york university,us,69,63,72.92,0.4482884103142713,0.7667319907126565,1.0,0.5043478260869565,True,0.17391304347826086,-0.2254030169755386,0.5362318840579711,0.0,50.7,2.9,1.4,11.6,0.0,4.3,5.8,23.2
49,oklahoma state university stillwater,us,15,15,72.43,0.3366238844002843,0.8154042049550408,1.0,0.6799999999999999,True,0.4666666666666667,-0.07348340483848026,0.4666666666666667,0.0,80.0,13.3,6.7,0.0,0.0,0.0,0.0,0.0
50,shanghai jiao tong university,cn,25,23,72.37,0.3904128082235286,0.6986477149650318,1.0,0.808,True,0.68,0.029364092751515636,0.36,0.0,44.0,0.0,0.0,0.0,0.0,8.0,12.0,36.0
51,duke university,us,48,46,71.94,0.4285178347546895,0.7785168701974474,1.0,0.5125,True,0.1875,-0.2914176594700754,0.375,0.0,56.2,0.0,6.2,4.2,0.0,10.4,0.0,22.9
52,the ohio state university,us,67,64,71.88,0.4102579159748677,0.7550476686600738,1.0,0.6149253731343284,True,0.3582089552238806,-0.13467945938229187,0.44776119402985076,0.0,50.7,0.0,4.5,3.0,1.5,9.0,3.0,28.4
53,"university of california, san diego",us,33,33,71.59,0.39912474454112656,0.7563990032721967,1.0,0.6363636363636364,True,0.3939393939393939,-0.13273438081295397,0.42424242424242425,0.0,51.5,0.0,3.0,9.1,0.0,6.1,0.0,30.3
54,utrecht university,nl,15,12,71.46,0.38400645937218963,0.6682613478121836,1.0,0.88,True,0.8,0.03707593676263227,0.4,0.0,20.0,6.7,0.0,0.0,0.0,40.0,0.0,33.3
55,western university,ca,16,13,71.13,0.39811040513243534,0.7108096437062896,1.0,0.7375,True,0.5625,-0.06556173641532403,0.3125,0.0,43.8,0.0,6.2,0.0,6.2,0.0,12.5,31.2
56,indiana university bloomington,us,22,22,70.95,0.3615016500864775,0.7556939803196767,1.0,0.7272727272727273,True,0.5454545454545454,0.01987101899722349,0.6818181818181818,0.0,54.5,4.5,4.5,4.5,0.0,9.1,4.5,18.2
57,university of maryland,us,51,48,70.8,0.41786374532015785,0.7547767207524849,1.0,0.5764705882352942,True,0.29411764705882354,-0.2104351400177592,0.4117647058823529,0.0,49.0,3.9,5.9,7.8,2.0,3.9,11.8,15.7
58,the london school of economics and political science,gb,16,16,70.77,0.3502630386045121,0.7788651992618453,1.0,0.7,True,0.5,-0.11864244421368247,0.875,0.0,62.5,12.5,6.2,0.0,0.0,6.2,0.0,12.5
59,tsinghua university,cn,50,40,70.47,0.44421201235247665,0.741273531048949,1.0,0.532,True,0.22,-0.31177342684482423,0.26,0.0,52.0,0.0,2.0,0.0,2.0,16.0,6.0,22.0
60,"university of california, davis",us,40,37,70.38,0.39917525742560467,0.7264857862237738,1.0,0.685,True,0.475,-0.017455117387723595,0.325,0.0,47.5,0.0,0.0,5.0,2.5,15.0,7.5,22.5
61,university of north carolina at chapel hill,us,15,14,70.17,0.37689021112550164,0.769689919240755,1.0,0.64,True,0.4,-0.10617176849510113,0.2,0.0,60.0,6.7,0.0,20.0,0.0,0.0,6.7,6.7
62,syracuse university,us,28,28,70.08,0.37241879809789324,0.7299822327797173,1.0,0.7428571428571429,True,0.5714285714285714,-0.0401997834788026,0.4642857142857143,0.0,46.4,3.6,0.0,10.7,0.0,3.6,10.7,25.0
63,indiana university,us,25,25,70.0,0.3754598332032386,0.7597588260761429,1.0,0.664,True,0.44,-0.09983717025497807,0.6,0.0,56.0,4.0,0.0,8.0,0.0,4.0,4.0,24.0
64,university of california santa barbara,us,16,15,69.86,0.3251988680555121,0.7524763103729563,1.0,0.8125,True,0.6875,0.05389220603650108,0.375,0.0,62.5,0.0,0.0,6.2,0.0,12.5,6.2,12.5
65,texas a&m university,us,80,74,69.84,0.39780994962449584,0.8043914717342644,1.0,0.49750000000000005,True,0.1625,-0.31287321925070627,0.45,0.0,62.5,3.8,3.8,1.2,0.0,8.8,5.0,15.0
66,university of minnesota,us,94,86,69.77,0.39962264828889776,0.7806065541528634,1.0,0.5468085106382978,True,0.24468085106382978,-0.2047697085119975,0.5425531914893617,0.0,56.4,2.1,1.1,5.3,0.0,7.4,4.3,23.4
67,university of iowa,us,22,22,69.61,0.35667799242523684,0.7628368374625341,1.0,0.7,True,0.5,0.010662218007582158,0.4090909090909091,0.0,59.1,4.5,4.5,4.5,0.0,9.1,9.1,9.1
68,chongqing university,cn,38,31,69.45,0.3578252703801949,0.7265370202314901,1.0,0.7789473684210526,True,0.631578947368421,0.07913325354793371,0.13157894736842105,0.0,50.0,0.0,0.0,0.0,0.0,10.5,5.3,34.2
69,georgetown university,us,25,22,69.35,0.4020828696724847,0.7142032705205873,1.0,0.688,True,0.48,-0.10649157149980415,0.48,0.0,28.0,4.0,4.0,24.0,4.0,8.0,4.0,24.0
70,boston college,us,43,42,68.82,0.388360778203712,0.7776055106893084,1.0,0.5674418604651164,True,0.27906976744186046,-0.16370701178165525,0.6046511627906976,0.0,55.8,4.7,4.7,7.0,0.0,7.0,7.0,14.0
71,university of cambridge,gb,96,86,68.77,0.4257914085473264,0.7499064411502279,1.0,0.53125,True,0.21875,-0.33745494555332756,0.65625,0.0,47.9,2.1,4.2,5.2,0.0,9.4,6.2,25.0
72,university of warwick,gb,58,53,68.52,0.45870983960901285,0.7267839381208516,1.0,0.4931034482758621,True,0.15517241379310345,-0.28157913474807406,0.7068965517241379,0.0,44.8,1.7,3.4,3.4,0.0,22.4,6.9,17.2
73,university of georgia,us,33,33,67.57,0.37453606971730274,0.7233801353476684,1.0,0.7090909090909091,True,0.5151515151515151,-0.07223689410650452,0.36363636363636365,0.0,42.4,0.0,3.0,6.1,0.0,27.3,0.0,21.2
74,george washington university,us,16,16,67.43,0.3765196766063761,0.7399763103729563,1.0,0.6625000000000001,True,0.4375,-0.059565008709488276,0.25,0.0,37.5,0.0,12.5,25.0,0.0,0.0,0.0,25.0
75,universitat pompeu fabra,es,38,35,67.42,0.39390464128020464,0.7851577098866626,1.0,0.5105263157894737,True,0.18421052631578946,-0.2712800387813236,0.7631578947368421,0.0,60.5,2.6,5.3,2.6,0.0,10.5,2.6,15.8
76,virginia tech,us,21,19,67.22,0.3941917097041473,0.6960767603274739,1.0,0.7142857142857143,True,0.5238095238095238,-0.10501164392913043,0.23809523809523808,0.0,33.3,9.5,0.0,0.0,0.0,28.6,4.8,23.8
77,university of washington,us,43,43,67.04,0.38923750175212335,0.763319796403594,1.0,0.5674418604651164,True,0.27906976744186046,-0.2192958960018478,0.4186046511627907,0.0,58.1,0.0,0.0,4.7,2.3,7.0,7.0,20.9
78,queen mary university of london,gb,19,17,66.87,0.41178408379456,0.6997217223955493,1.0,0.6526315789473685,True,0.42105263157894735,-0.08880119890747284,0.42105263157894735,0.0,36.8,5.3,0.0,10.5,0.0,15.8,15.8,15.8
79,the university of texas at austin,us,25,24,66.86,0.3485927749281092,0.7464254927428094,1.0,0.712,True,0.52,-0.045911967180239155,0.48,0.0,44.0,8.0,12.0,0.0,4.0,0.0,4.0,28.0
80,vanderbilt university,us,31,30,66.67,0.3708382273581265,0.7703754347730672,1.0,0.5935483870967742,True,0.3225806451612903,-0.15828197945275085,0.3225806451612903,0.0,61.3,3.2,3.2,0.0,0.0,6.5,6.5,19.4
81,universidade federal do rio grande do sul,br,19,14,66.53,0.3197442008140556,0.775362748036575,1.0,0.7157894736842105,True,0.5263157894736842,-0.090644745532456,0.15789473684210525,0.0,57.9,10.5,0.0,10.5,0.0,10.5,0.0,10.5
82,australian national university,au,45,40,66.27,0.3962860521602795,0.7698330334373297,1.0,0.52,True,0.2,-0.3550665345320747,0.6,0.0,62.2,0.0,2.2,0.0,0.0,11.1,8.9,15.6
83,university of strathclyde,gb,22,21,66.13,0.37044776187019784,0.7211701707958673,1.0,0.7,True,0.5,-0.054808296414102564,0.45454545454545453,0.0,40.9,0.0,0.0,13.6,0.0,27.3,0.0,18.2
84,university of mannheim,de,15,14,65.85,0.3908543598819037,0.6796899192407551,1.0,0.7375,True,0.5625,-0.01901288784069388,0.5625,0.0,26.7,13.3,6.7,0.0,0.0,33.3,20.0,6.7
85,michigan state university,us,82,76,65.76,0.4194833620188297,0.7376386977786905,1.0,0.524390243902439,True,0.2073170731707317,-0.2684493095757805,0.4268292682926829,0.0,46.3,1.2,1.2,4.9,1.2,13.4,3.7,28.0
86,peking university,cn,18,16,65.59,0.4013231715276541,0.7247143993006955,1.0,0.6,True,0.3333333333333333,-0.3571237203498786,0.3888888888888889,0.0,50.0,5.6,0.0,5.6,0.0,11.1,16.7,11.1
87,university of california irvine,us,18,18,65.25,0.34530837262050906,0.7576091361428008,1.0,0.6666666666666667,True,0.4444444444444444,-0.0652291578190431,0.6111111111111112,0.0,55.6,5.6,0.0,5.6,5.6,5.6,0.0,22.2
88,queen's university,ca,21,18,65.25,0.3900344211647288,0.7472962725225959,1.0,0.5714285714285714,True,0.2857142857142857,-0.19384511607217253,0.47619047619047616,0.0,61.9,0.0,0.0,0.0,0.0,14.3,9.5,14.3
89,stockholm school of economics,se,25,23,64.92,0.3588432438235525,0.7408699371872539,1.0,0.664,True,0.44,-0.14943802810175844,0.52,0.0,48.0,8.0,0.0,8.0,0.0,16.0,8.0,12.0
90,iowa state university,us,57,53,64.84,0.39292158082734274,0.7693395736808627,1.0,0.5052631578947369,True,0.17543859649122806,-0.24935488080008805,0.42105263157894735,0.0,56.1,0.0,5.3,0.0,0.0,14.0,1.8,22.8
91,the new school for social research,us,17,17,64.69,0.32332589453691707,0.7415985722547683,1.0,0.7529411764705882,True,0.5882352941176471,-0.0031775891215836682,0.5294117647058824,0.0,47.1,5.9,5.9,5.9,0.0,23.5,0.0,11.8
92,university of birmingham,gb,37,35,64.62,0.3765509790813398,0.7550727574285339,1.0,0.5783783783783785,True,0.2972972972972973,-0.19019047815140377,0.5675675675675675,0.0,54.1,2.7,0.0,2.7,5.4,2.7,5.4,27.0
93,european university institute,it,87,82,64.46,0.41742954100168317,0.7185901604993123,1.0,0.5517241379310345,True,0.25287356321839083,-0.26314115562791096,0.8160919540229885,0.0,39.1,6.9,1.1,4.6,1.1,19.5,6.9,20.7
94,university of arizona,us,28,28,64.36,0.3757118297813869,0.7570655661130505,1.0,0.5714285714285714,True,0.2857142857142857,-0.1611977123225607,0.5,0.0,60.7,0.0,0.0,0.0,0.0,21.4,3.6,14.3
95,university of houston,us,20,20,64.23,0.3547709283529969,0.7634786793356607,1.0,0.61,True,0.35,-0.12437608489393692,0.3,0.0,65.0,0.0,0.0,0.0,0.0,15.0,0.0,20.0
96,lancaster university,gb,16,15,64.08,0.3532734046466117,0.7094207548174007,1.0,0.7375,True,0.5625,-0.0903000738341162,0.5,0.0,37.5,0.0,6.2,6.2,6.2,37.5,6.2,0.0
97,the university of queensland,au,15,14,63.93,0.33865104258114176,0.6982613478121836,1.0,0.8,True,0.6666666666666666,-0.0036498503130426574,0.4666666666666667,0.0,46.7,0.0,0.0,0.0,0.0,6.7,20.0,26.7
98,louisiana state university,us,17,16,63.9,0.3368154918336284,0.7807877614439575,1.0,0.611764705882353,True,0.35294117647058826,-0.1306796522175942,0.5294117647058824,0.0,70.6,5.9,0.0,0.0,0.0,11.8,0.0,11.8
99,university of oxford,gb,32,32,63.68,0.44048419966736013,0.7353682148735851,1.0,0.4375,True,0.0625,-0.4177915410961751,0.8125,0.0,37.5,3.1,12.5,15.6,0.0,3.1,9.4,18.8
100,north carolina state university,us,45,42,63.4,0.35079169047834624,0.7375253411296373,1.0,0.6666666666666667,True,0.4444444444444444,-0.06311883744145014,0.35555555555555557,0.0,48.9,0.0,4.4,2.2,2.2,11.1,6.7,24.4
101,university of groningen,nl,31,30,63.25,0.3784397981291241,0.7527283759495379,1.0,0.5548387096774193,True,0.25806451612903225,-0.21942046428367484,0.7096774193548387,0.0,41.9,12.9,6.5,9.7,0.0,6.5,6.5,16.1
102,washington state university,us,31,30,63.16,0.34069435491674654,0.7703754347730672,1.0,0.6129032258064516,True,0.3548387096774194,-0.06778264532009293,0.3225806451612903,0.0,54.8,3.2,6.5,6.5,0.0,6.5,3.2,19.4
103,university of southern california,us,65,65,63.06,0.390782831005349,0.7363429079226639,1.0,0.556923076923077,True,0.26153846153846155,-0.20604350747557376,0.46153846153846156,0.0,47.7,0.0,3.1,4.6,0.0,15.4,6.2,23.1
104,university of gothenburg,se,29,27,63.03,0.3696670740734769,0.7477376974168659,1.0,0.5862068965517242,True,0.3103448275862069,-0.11891536054265811,0.6551724137931034,0.0,44.8,17.2,0.0,3.4,0.0,24.1,6.9,3.4
105,university of exeter,gb,16,16,62.38,0.3933923162381372,0.6830318659285118,1.0,0.6625000000000001,True,0.4375,-0.0917907788425214,0.8125,0.0,31.2,6.2,0.0,12.5,0.0,18.8,25.0,6.2
106,oregon state university,us,29,28,62.02,0.3623050667489369,0.6865132076209476,1.0,0.7310344827586207,True,0.5517241379310345,0.047076207346367915,0.3793103448275862,0.0,34.5,6.9,0.0,0.0,0.0,13.8,10.3,34.5
107,toulouse school of economics,fr,17,16,61.93,0.3639404060176645,0.7199769506331467,1.0,0.6470588235294118,True,0.4117647058823529,-0.07164307428763339,0.7647058823529411,0.0,47.1,0.0,5.9,0.0,0.0,23.5,5.9,17.6
108,colorado state university,us,40,40,61.92,0.3550811241293051,0.7523191195571072,1.0,0.595,True,0.325,-0.15566357645816536,0.2,0.0,50.0,5.0,10.0,0.0,0.0,10.0,10.0,15.0
109,university of bonn,de,19,19,61.67,0.3778532566355326,0.6997217223955493,1.0,0.6526315789473685,True,0.42105263157894735,-0.12823003738991784,0.7894736842105263,0.0,36.8,5.3,5.3,0.0,0.0,21.1,10.5,21.1
110,texas tech university,us,25,25,61.56,0.33545776548920486,0.7630921594094762,1.0,0.616,True,0.36,-0.15027184535539678,0.28,0.0,64.0,0.0,0.0,0.0,0.0,24.0,4.0,8.0
111,university of virginia,us,35,34,61.48,0.3720333752651947,0.7398026758804805,1.0,0.5714285714285714,True,0.2857142857142857,-0.22298014790273024,0.4,0.0,48.6,0.0,8.6,8.6,0.0,0.0,14.3,20.0
112,national university of singapore,sg,23,23,61.34,0.4142513213602698,0.7416080738006147,1.0,0.45217391304347826,True,0.08695652173913043,-0.3595377140521957,0.782608695652174,0.0,56.5,0.0,0.0,4.3,0.0,8.7,8.7,21.7
113,monash university,au,56,45,61.33,0.42082607642151865,0.7195940417556109,1.0,0.4857142857142857,True,0.14285714285714285,-0.3309306892006414,0.4642857142857143,0.0,46.4,1.8,1.8,0.0,0.0,23.2,8.9,17.9
114,mcgill university,ca,18,18,61.02,0.3784196727592585,0.7168196624585901,1.0,0.6,True,0.3333333333333333,-0.16590887556501321,0.7777777777777778,0.0,44.4,5.6,0.0,5.6,0.0,16.7,11.1,16.7
115,university of illinois system,us,15,15,60.91,0.3226954202713147,0.7625470620978979,1.0,0.64,True,0.4,0.0003804080455482306,0.4666666666666667,0.0,66.7,6.7,0.0,0.0,0.0,13.3,6.7,6.7
116,university of sheffield,gb,19,17,60.9,0.3716931637910133,0.7010037736776007,1.0,0.6526315789473685,True,0.42105263157894735,-0.08629857160235688,0.3684210526315789,0.0,42.1,0.0,0.0,0.0,0.0,26.3,5.3,26.3
117,université catholique de louvain,be,18,17,60.74,0.3573537802299046,0.7102407150901691,1.0,0.6666666666666667,True,0.4444444444444444,-0.09029817631813625,0.8888888888888888,0.0,44.4,5.6,0.0,0.0,0.0,11.1,11.1,27.8
118,erasmus universiteit rotterdam,nl,15,15,60.55,0.36659383182425626,0.709689919240755,1.0,0.64,True,0.4,-0.1301966535313403,0.7333333333333333,0.0,46.7,0.0,0.0,0.0,0.0,20.0,6.7,26.7
119,university of illinois,us,16,16,60.46,0.33033257319705994,0.7246985325951785,1.0,0.7,True,0.5,0.01494483026383342,0.4375,0.0,43.8,0.0,6.2,6.2,0.0,6.2,0.0,37.5
120,wayne state university,us,16,16,60.45,0.33096074906772394,0.7399763103729563,1.0,0.6625000000000001,True,0.4375,-0.024901817775359936,0.4375,0.0,56.2,0.0,0.0,0.0,12.5,12.5,6.2,12.5
121,trinity college dublin,ie,17,17,60.39,0.36996310962651974,0.671328301984498,1.0,0.7176470588235294,True,0.5294117647058824,-0.08010388380614347,0.7058823529411765,0.0,17.6,11.8,0.0,11.8,0.0,17.6,11.8,29.4
122,tohoku university,jp,16,16,60.33,0.3185839591135024,0.7371985325951785,1.0,0.7,True,0.5,0.03900866091697902,0.3125,0.0,56.2,0.0,0.0,0.0,0.0,25.0,0.0,18.8
123,university of international business and economics,cn,29,25,60.23,0.37104890861401757,0.7518193300699271,1.0,0.5241379310344828,True,0.20689655172413793,-0.25187326473841226,0.27586206896551724,0.0,55.2,6.9,0.0,0.0,0.0,24.1,6.9,6.9
124,university of barcelona,es,27,25,60.06,0.3667386451786004,0.6848754717750304,1.0,0.6888888888888889,True,0.48148148148148145,-0.09843875301273569,0.6296296296296297,0.0,29.6,7.4,7.4,0.0,3.7,11.1,14.8,25.9
125,florida state university,us,24,24,59.92,0.324044332267463,0.7599806175778734,1.0,0.625,True,0.375,-0.08900653149034077,0.25,0.0,62.5,0.0,4.2,0.0,0.0,8.3,8.3,16.7
126,xiamen university,cn,25,23,59.49,0.37244795243027035,0.7053143816316984,1.0,0.616,True,0.36,-0.2167078086990038,0.24,0.0,48.0,0.0,0.0,0.0,0.0,8.0,16.0,28.0
127,southern methodist university,us,16,16,58.65,0.32563859040736776,0.7969207548174008,1.0,0.5125,True,0.1875,-0.17404745265725702,0.375,0.0,81.2,0.0,0.0,0.0,6.2,0.0,0.0,12.5
128,university of sydney,au,25,23,58.54,0.37994566184823275,0.730869937187254,1.0,0.52,True,0.2,-0.21544754422268614,0.32,0.0,48.0,0.0,4.0,4.0,0.0,16.0,4.0,24.0
129,tianjin university,cn,42,37,58.39,0.35409859582307623,0.6820830189262327,1.0,0.7,True,0.5,0.019797423252311153,0.19047619047619047,0.0,33.3,7.1,0.0,0.0,0.0,7.1,9.5,42.9
130,griffith university,au,17,15,58.13,0.32139078086677253,0.7402472209034169,1.0,0.6470588235294118,True,0.4117647058823529,-0.16425108196898647,0.4117647058823529,0.0,52.9,0.0,5.9,5.9,0.0,5.9,5.9,23.5
131,nankai university,cn,20,18,58.01,0.3640461988019335,0.7322286793356607,1.0,0.55,True,0.25,-0.28237831581885,0.15,0.0,50.0,5.0,5.0,0.0,0.0,0.0,10.0,30.0
132,kansas state university,us,45,40,57.99,0.35519873461429874,0.7721407257450219,1.0,0.48000000000000004,True,0.13333333333333333,-0.24383353072627262,0.28888888888888886,0.0,60.0,2.2,4.4,0.0,0.0,11.1,8.9,13.3
133,university of aberdeen,gb,15,14,57.89,0.3554627394075995,0.6682613478121836,1.0,0.72,True,0.5333333333333333,-0.12128433257741578,0.6666666666666666,0.0,33.3,6.7,0.0,0.0,0.0,6.7,33.3,20.0
134,university of malaya,my,29,26,57.59,0.3260431301656633,0.7303907586413557,1.0,0.6482758620689655,True,0.41379310344827586,-0.12055752388159208,0.5172413793103449,0.0,44.8,6.9,6.9,3.4,0.0,10.3,13.8,13.8
135,university of manchester,gb,51,46,56.79,0.3766759345804075,0.7477344672313581,1.0,0.45882352941176474,True,0.09803921568627451,-0.3595332894898865,0.6274509803921569,0.0,49.0,3.9,3.9,5.9,0.0,2.0,9.8,25.5
136,george mason university,us,52,44,56.71,0.35475096721114296,0.7380437107420338,1.0,0.5384615384615385,True,0.23076923076923078,-0.20128903269240456,0.1346153846153846,0.0,50.0,0.0,0.0,3.8,0.0,19.2,3.8,23.1
137,university of reading,gb,28,28,56.57,0.3315723307615035,0.7310238994463839,1.0,0.6142857142857143,True,0.35714285714285715,-0.16072051125376396,0.7142857142857143,0.0,42.9,10.7,7.1,0.0,0.0,7.1,10.7,21.4
138,university of york,gb,56,52,56.42,0.40497200279759227,0.6781466733345582,1.0,0.5392857142857144,True,0.23214285714285715,-0.24340518784910936,0.5714285714285714,0.0,35.7,0.0,0.0,3.6,0.0,25.0,8.9,26.8
139,vienna university of economics and business,at,16,16,56.23,0.3317786576314028,0.7141593169089041,1.0,0.6470588235294118,True,0.4117647058823529,-0.13866325461833634,0.5294117647058824,0.0,31.2,18.8,0.0,6.2,0.0,12.5,12.5,18.8
140,university of massachusetts amherst,us,44,44,56.13,0.36405419789350235,0.7123304245847879,1.0,0.5636363636363636,True,0.2727272727272727,-0.21570175875263248,0.4318181818181818,0.0,45.5,0.0,2.3,2.3,0.0,22.7,11.4,15.9
141,university of leicester,gb,34,34,56.08,0.3592089691774901,0.7044286513597486,1.0,0.5941176470588235,True,0.3235294117647059,-0.14347678436101646,0.4117647058823529,0.0,44.1,0.0,2.9,0.0,0.0,11.8,11.8,29.4
142,universidade federal do rio de janeiro,br,25,21,55.96,0.30012031864358885,0.771981048298365,1.0,0.5920000000000001,True,0.32,-0.2138792496775056,0.08,0.0,64.0,0.0,0.0,4.0,4.0,4.0,4.0,20.0
143,university of rome tor vergata,it,21,20,55.96,0.3675780544245631,0.6302231017908885,1.0,0.7428571428571429,True,0.5714285714285714,0.03477500721534127,0.42857142857142855,0.0,9.5,0.0,4.8,4.8,4.8,38.1,9.5,28.6
144,university of nottingham,gb,59,53,55.95,0.41120145241579314,0.6966980654864104,1.0,0.4711864406779661,True,0.11864406779661017,-0.31017376548617237,0.6779661016949152,0.0,39.0,1.7,0.0,1.7,0.0,25.4,5.1,27.1
145,uppsala university,se,18,15,55.94,0.3357129643196794,0.6562933466691165,1.0,0.7666666666666667,True,0.6111111111111112,0.020877431619718334,0.2222222222222222,0.0,11.1,22.2,5.6,0.0,0.0,27.8,22.2,11.1
146,university of kentucky,us,36,35,55.86,0.3143123020820015,0.8087347709540433,1.0,0.4666666666666667,True,0.1111111111111111,-0.2857256330454836,0.3333333333333333,0.0,72.2,0.0,0.0,2.8,0.0,11.1,0.0,13.9
147,university of california riverside,us,17,17,55.66,0.338644909434409,0.7605174911736872,1.0,0.5107214428857716,False,1.0,0.3943855583035779,0.4117647058823529,0.0,64.7,0.0,5.9,0.0,0.0,11.8,5.9,11.8
148,university of east anglia,gb,20,19,55.45,0.35789677874147197,0.7072286793356607,1.0,0.5800000000000001,True,0.3,-0.18831359342148224,0.6,0.0,35.0,10.0,0.0,5.0,0.0,15.0,5.0,30.0
149,georgia state university,us,39,37,55.42,0.33635916287253054,0.7362567317529903,1.0,0.5692307692307692,True,0.28205128205128205,-0.18316839263849483,0.1282051282051282,0.0,48.7,0.0,2.6,5.1,0.0,17.9,5.1,20.5
150,university of florida,us,40,40,55.42,0.33024892345407214,0.7964857862237739,1.0,0.445,True,0.075,-0.3282046055456136,0.45,0.0,65.0,2.5,2.5,5.0,0.0,2.5,5.0,17.5
151,oklahoma state university,us,15,13,55.4,0.339180776328331,0.7196899192407551,1.0,0.6,True,0.3333333333333333,-0.15927557976237555,0.3333333333333333,0.0,46.7,6.7,0.0,0.0,0.0,20.0,6.7,20.0
152,university of geneva,ch,18,17,55.27,0.35256737898382645,0.6891880835112217,1.0,0.6333333333333333,True,0.3888888888888889,-0.17654771484527892,0.6666666666666666,0.0,33.3,0.0,5.6,5.6,0.0,22.2,11.1,22.2
153,universiti kebangsaan malaysia,my,28,26,55.25,0.2801036883598654,0.7799822327797172,1.0,0.6142857142857143,True,0.35714285714285715,-0.092090694797131,0.39285714285714285,0.0,71.4,0.0,0.0,0.0,0.0,0.0,10.7,17.9
154,university of missouri columbia,us,17,16,55.17,0.2937751407499738,0.7497066803628764,1.0,0.6470588235294118,True,0.4117647058823529,-0.06749393559904843,0.6470588235294118,0.0,58.8,0.0,11.8,0.0,0.0,5.9,11.8,11.8
155,tilburg university,nl,37,34,55.1,0.36507624174218145,0.6971780205864285,1.0,0.5783783783783785,True,0.2972972972972973,-0.2361926591561624,0.6486486486486487,0.0,35.1,5.4,0.0,2.7,2.7,5.4,5.4,43.2
156,university of connecticut,us,32,32,54.76,0.32743755953779635,0.749791291796662,1.0,0.55,True,0.25,-0.1710383513553137,0.28125,0.0,56.2,0.0,0.0,0.0,3.1,25.0,3.1,12.5
157,paris school of economics,fr,22,21,54.76,0.36712857448978486,0.6985511231768197,1.0,0.5636363636363636,True,0.2727272727272727,-0.1913519644078251,0.5909090909090909,0.0,27.3,18.2,0.0,9.1,0.0,13.6,13.6,18.2
158,university of glasgow,gb,27,26,54.43,0.3584819566762704,0.728492493051626,1.0,0.5111111111111111,True,0.18518518518518517,-0.28071467683599594,0.5925925925925926,0.0,44.4,3.7,0.0,11.1,0.0,14.8,7.4,18.5
159,renmin university of china,cn,31,27,54.37,0.3916780668771409,0.6713558269299299,1.0,0.5548387096774193,True,0.25806451612903225,-0.30557106136069667,0.16129032258064516,0.0,32.3,6.5,0.0,0.0,0.0,12.9,16.1,32.3
160,copenhagen business school,dk,16,16,54.32,0.3343477289173466,0.7385874214840674,1.0,0.55,True,0.25,-0.2781367565385021,0.6875,0.0,56.2,6.2,6.2,0.0,0.0,6.2,18.8,6.2
161,jadavpur university,in,19,19,54.22,0.2889681946872727,0.7727986454724726,1.0,0.5894736842105264,True,0.3157894736842105,-0.07767163390785708,0.05263157894736842,0.0,57.9,10.5,0.0,5.3,5.3,10.5,0.0,10.5
162,kyoto university,jp,52,46,54.13,0.32743856860761394,0.7797103774087004,1.0,0.46923076923076923,True,0.11538461538461539,-0.2860957574793813,0.34615384615384615,0.0,59.6,1.9,1.9,0.0,1.9,15.4,1.9,17.3
163,nanjing university of aeronautics and astronautics,cn,28,23,54.1,0.34053186642049676,0.674773899446384,1.0,0.6785714285714286,True,0.4642857142857143,-0.0646444460817886,0.32142857142857145,0.0,35.7,0.0,3.6,3.6,0.0,3.6,21.4,32.1
164,universidade de coimbra,pt,32,26,54.04,0.30186188423652893,0.7334451379505083,1.0,0.64375,True,0.40625,-0.1318819625347435,0.40625,0.0,34.4,18.8,9.4,0.0,0.0,12.5,6.2,18.8
165,university of wyoming,us,21,21,53.8,0.3163509484306622,0.7338816383762543,1.0,0.6,True,0.3333333333333333,-0.1001246886988747,0.3333333333333333,0.0,47.6,9.5,0.0,4.8,0.0,4.8,9.5,23.8
166,university of helsinki,fi,24,21,53.77,0.3166227704294343,0.6690715266687824,1.0,0.75,True,0.5833333333333334,-0.06772785826726946,0.2916666666666667,0.0,12.5,16.7,8.3,8.3,0.0,12.5,12.5,29.2
167,hitotsubashi university,jp,20,19,53.66,0.3199873160234743,0.7372286793356606,1.0,0.5800000000000001,True,0.3,-0.14853078774622397,0.3,0.0,55.0,5.0,0.0,0.0,0.0,20.0,10.0,10.0
168,southeast university,cn,31,27,53.62,0.32769166784599685,0.7223362190867927,1.0,0.5935483870967742,True,0.3225806451612903,-0.11939281160304771,0.12903225806451613,0.0,51.6,0.0,3.2,0.0,0.0,3.2,16.1,25.8
169,west virginia university,us,35,35,53.24,0.3025351712967944,0.7870754031532078,1.0,0.5028571428571429,True,0.17142857142857143,-0.2533685159987639,0.2,0.0,62.9,2.9,5.7,0.0,0.0,11.4,2.9,14.3
170,university of colorado boulder,us,26,26,53.22,0.33696971585842883,0.7323727646397049,1.0,0.5384615384615385,True,0.23076923076923078,-0.24071487871744845,0.46153846153846156,0.0,50.0,0.0,7.7,0.0,3.8,7.7,11.5,19.2
171,osaka university,jp,24,21,53.21,0.3180487588931599,0.7167987993960552,1.0,0.625,True,0.375,-0.06511354608377251,0.20833333333333334,0.0,41.7,0.0,0.0,8.3,0.0,20.8,0.0,29.2
172,university of ibadan,ng,56,48,53.05,0.28918943435290595,0.757751936492453,1.0,0.6035714285714286,True,0.3392857142857143,-0.0252755166312294,0.125,0.0,44.6,5.4,8.9,3.6,7.1,8.9,5.4,16.1
173,kyushu university,jp,19,19,52.96,0.2829970765374008,0.77023454290837,1.0,0.5894736842105264,True,0.3157894736842105,-0.03942992724275973,0.5789473684210527,0.0,63.2,10.5,0.0,0.0,0.0,15.8,5.3,5.3
174,università degli studi di siena,it,20,20,52.9,0.31129771767089987,0.6772286793356607,1.0,0.73,True,0.55,0.017606527727302368,0.5,0.0,20.0,20.0,0.0,5.0,0.0,15.0,15.0,25.0
175,arizona state university,us,18,17,52.72,0.3405239631615945,0.783924925616485,1.0,0.4,True,0.0,-0.32394960873664147,0.3888888888888889,0.0,72.2,0.0,0.0,5.6,0.0,11.1,0.0,11.1
176,stellenbosch university,za,16,16,52.67,0.35381476838877113,0.6719207548174008,1.0,0.625,True,0.375,-0.08908200541425754,0.625,0.0,12.5,6.2,6.2,18.8,6.2,12.5,12.5,25.0
177,university of southampton,gb,24,24,52.67,0.3714939666517855,0.6838442539415097,1.0,0.55,True,0.25,-0.23959417116365356,0.5833333333333334,0.0,29.2,8.3,0.0,4.2,0.0,25.0,8.3,25.0
178,zhejiang university,cn,28,19,52.65,0.3382576849659606,0.721648899446384,1.0,0.55,True,0.25,-0.28227820388364816,0.14285714285714285,0.0,50.0,0.0,0.0,0.0,0.0,0.0,7.1,42.9
179,maastricht university,nl,35,34,52.51,0.35499717967735295,0.714348130425935,1.0,0.52,True,0.2,-0.24975131239791015,0.8,0.0,34.3,5.7,11.4,2.9,0.0,22.9,5.7,17.1
180,erasmus university rotterdam,nl,23,22,52.47,0.3786596928441066,0.6602127249634052,1.0,0.5826086956521739,True,0.30434782608695654,-0.21168268252065275,0.6956521739130435,0.0,21.7,8.7,0.0,4.3,0.0,30.4,13.0,21.7
181,humboldt-universität zu berlin,de,18,17,52.36,0.3141552342085392,0.6970828203533269,1.0,0.6666666666666667,True,0.4444444444444444,-0.06589337569643178,0.5,0.0,22.2,27.8,5.6,0.0,0.0,16.7,16.7,11.1
182,university of california,us,15,15,52.05,0.3827393406405758,0.6639756335264693,1.0,0.5556613226452906,False,1.0,0.5047046509671895,0.4,0.0,33.3,0.0,0.0,0.0,0.0,13.3,26.7,26.7
183,university of sussex,gb,24,23,52.0,0.37209524823560275,0.6781624357596915,1.0,0.55,True,0.25,-0.2017131857649495,0.75,0.0,25.0,0.0,4.2,12.5,4.2,8.3,8.3,37.5
184,fudan university,cn,26,24,51.46,0.3690336984594938,0.6628075472484005,1.0,0.5846153846153846,True,0.3076923076923077,-0.19859160054451758,0.15384615384615385,0.0,26.9,3.8,7.7,0.0,0.0,7.7,19.2,34.6
185,tongji university,cn,32,28,51.27,0.34712100895193204,0.6449835994889698,1.0,0.68125,True,0.46875,-0.05833588487221347,0.34375,0.0,31.2,0.0,3.1,0.0,0.0,6.2,28.1,31.2
186,vrije universiteit amsterdam,nl,34,33,51.16,0.34155274803718416,0.7257249476560449,1.0,0.5058823529411764,True,0.17647058823529413,-0.338440391346229,0.5588235294117647,0.0,32.4,23.5,2.9,0.0,2.9,8.8,8.8,20.6
187,università degli studi di bologna,it,16,13,51.1,0.35431916987841855,0.6274763103729563,1.0,0.7,True,0.5,-0.06410362704063471,0.375,0.0,12.5,6.2,0.0,0.0,0.0,18.8,25.0,37.5
188,universidade estadual de campinas,br,41,34,51.04,0.31475608561138335,0.7317892979250235,1.0,0.5609756097560976,True,0.2682926829268293,-0.1443703473982722,0.14634146341463414,0.0,48.8,2.4,2.4,2.4,0.0,9.8,9.8,24.4
189,university of calgary,ca,18,18,50.99,0.32988083391559886,0.7260301887743796,1.0,0.5333333333333333,True,0.2222222222222222,-0.1698656653220681,0.5555555555555556,0.0,50.0,0.0,0.0,5.6,0.0,5.6,5.6,33.3
190,university of tokyo,jp,21,20,50.67,0.31207322413983873,0.7643694432543031,1.0,0.4857142857142857,True,0.14285714285714285,-0.24856730233745356,0.2857142857142857,0.0,61.9,0.0,4.8,0.0,0.0,19.0,0.0,14.3
191,banaras hindu university,in,16,15,50.4,0.29157174036115674,0.7260874214840674,1.0,0.625,True,0.375,-0.0722670436169488,0.125,0.0,50.0,0.0,6.2,0.0,0.0,6.2,6.2,31.2
192,university of surrey,gb,15,15,50.17,0.3388204659148806,0.6982613478121836,1.0,0.56,True,0.26666666666666666,-0.16011630406042648,0.5333333333333333,0.0,40.0,0.0,6.7,0.0,0.0,13.3,13.3,26.7
193,rice university,us,19,18,50.05,0.35128826535951985,0.7394653121391392,1.0,0.42850701402805613,False,1.0,0.2576084983568203,0.3684210526315789,0.0,52.6,0.0,5.3,5.3,5.3,5.3,10.5,15.8
194,bocconi university,it,17,17,49.98,0.35047317608128825,0.6915985722547683,1.0,0.5411764705882354,True,0.23529411764705882,-0.2462080164626977,0.7058823529411765,0.0,29.4,11.8,0.0,5.9,0.0,5.9,11.8,35.3
195,university of guelph,ca,15,15,49.47,0.30050826639659656,0.7368327763836122,1.0,0.56,True,0.26666666666666666,-0.15775318018041823,0.6,0.0,46.7,13.3,0.0,6.7,0.0,20.0,6.7,6.7
196,politecnico di milano,it,17,17,49.44,0.3131410928992953,0.6848418154980115,1.0,0.6470588235294118,True,0.4117647058823529,-0.06660455408106558,0.6470588235294118,0.0,11.8,35.3,5.9,0.0,0.0,17.6,17.6,11.8
197,university of hyderabad,in,39,35,49.34,0.26392419552901886,0.7803245283631598,1.0,0.5538461538461539,True,0.2564102564102564,-0.06382046309581008,0.0,0.0,59.0,2.6,2.6,2.6,5.1,12.8,2.6,12.8
198,university of western australia,au,18,14,49.08,0.35229158505432673,0.6576091361428006,1.0,0.6,True,0.3333333333333333,-0.14224507654809898,0.4444444444444444,0.0,22.2,0.0,5.6,5.6,0.0,16.7,16.7,33.3
199,university of essex,gb,59,57,49.06,0.3682696525646292,0.7074575591572966,1.0,0.44067796610169496,True,0.06779661016949153,-0.4288264207925655,0.6271186440677966,0.0,35.6,6.8,3.4,1.7,0.0,18.6,3.4,30.5
200,huazhong university of science and technology,cn,29,29,48.96,0.3069771996132268,0.7232479014984985,1.0,0.5655172413793104,True,0.27586206896551724,-0.12255372321241909,0.3448275862068966,0.0,51.7,0.0,0.0,0.0,0.0,3.4,10.3,34.5
201,universitat autònoma de barcelona,es,67,62,48.72,0.3588649489462702,0.7061970939474302,1.0,0.4626865671641791,True,0.1044776119402985,-0.3099427753336712,0.6119402985074627,0.0,43.3,0.0,3.0,1.5,1.5,16.4,11.9,22.4
202,clemson university,us,24,24,48.69,0.31853398858806165,0.7361169812142371,1.0,0.5,True,0.16666666666666666,-0.22108573316922714,0.20833333333333334,0.0,50.0,8.3,0.0,4.2,0.0,8.3,12.5,16.7
203,"university of california, irvine",us,16,15,48.68,0.3423404873565128,0.7788651992618453,1.0,0.33652304609218436,False,0.8125,0.15756436823385592,0.5,0.0,75.0,0.0,0.0,0.0,0.0,6.2,0.0,18.8
204,obafemi awolowo university,ng,27,26,48.61,0.26474942741242613,0.7731733441154559,1.0,0.5555555555555556,True,0.25925925925925924,-0.06861555229400346,0.1111111111111111,0.0,66.7,0.0,0.0,0.0,0.0,7.4,3.7,22.2
205,sapienza university of rome,it,26,25,48.39,0.34939783542208286,0.6030249385527484,1.0,0.7230769230769231,True,0.5384615384615384,0.02989336376702567,0.2692307692307692,0.0,7.7,0.0,0.0,7.7,0.0,30.8,15.4,38.5
206,university of fort hare,za,19,17,48.09,0.2992841343707335,0.6881832608570878,1.0,0.6526315789473685,True,0.42105263157894735,-0.005998598005919009,0.21052631578947367,0.0,31.6,10.5,0.0,0.0,0.0,10.5,10.5,36.8
207,wuhan university,cn,48,43,47.91,0.31642295796694386,0.7380756937268592,1.0,0.48750000000000004,True,0.14583333333333334,-0.21574729237431783,0.16666666666666666,0.0,50.0,2.1,0.0,0.0,0.0,8.3,2.1,37.5
208,jawaharlal nehru university,in,48,43,47.83,0.28299430790948327,0.7542521643150946,1.0,0.5375,True,0.22916666666666666,-0.1910372874963947,0.1875,0.0,47.9,2.1,2.1,14.6,2.1,4.2,8.3,18.8
209,university of queensland,au,28,25,47.64,0.3597339860246145,0.6872738994463838,1.0,0.4857142857142857,True,0.14285714285714285,-0.23252652697664217,0.5714285714285714,0.0,32.1,3.6,3.6,3.6,3.6,25.0,10.7,17.9
210,jinan university,cn,15,14,47.58,0.324372944571319,0.7296899192407551,1.0,0.48000000000000004,True,0.13333333333333333,-0.2443253995365537,0.0,0.0,53.3,0.0,0.0,0.0,0.0,6.7,0.0,40.0
211,university of warsaw,pl,21,21,47.57,0.3013023076729212,0.716808467644547,1.0,0.5714285714285714,True,0.2857142857142857,-0.15972401711749146,0.3333333333333333,0.0,38.1,9.5,9.5,0.0,4.8,9.5,14.3,14.3
212,università ca' foscari,it,20,16,46.81,0.3468187881513127,0.6297286793356607,1.0,0.64,True,0.4,-0.037994457327333475,0.45,0.0,0.0,25.0,0.0,0.0,0.0,25.0,15.0,35.0
213,auburn university,us,16,16,46.75,0.2948329891784483,0.7594207548174007,1.0,0.47500000000000003,True,0.125,-0.2630510523856711,0.375,0.0,62.5,0.0,6.2,0.0,0.0,6.2,0.0,25.0
214,aix-marseille université,fr,21,21,46.69,0.32111122728044056,0.6631499310591812,1.0,0.6285714285714286,True,0.38095238095238093,-0.014685897270234338,0.6190476190476191,0.0,14.3,14.3,4.8,0.0,0.0,14.3,4.8,47.6
215,ku leuven,be,47,41,46.63,0.33342744588523815,0.6864051816929317,1.0,0.5404255319148936,True,0.23404255319148937,-0.21097482074428509,0.6170212765957447,0.0,29.8,8.5,0.0,0.0,6.4,14.9,4.3,36.2
216,university of ljubljana,si,17,16,46.62,0.30225650758432937,0.7064634371196331,1.0,0.5764705882352942,True,0.29411764705882354,-0.09029453388422676,0.5882352941176471,0.0,35.3,0.0,11.8,0.0,0.0,17.6,0.0,35.3
217,claremont graduate university,us,27,27,46.42,0.3053949008463363,0.700832918583541,1.0,0.5777777777777777,True,0.2962962962962963,-0.12450544677636194,0.4074074074074074,0.0,40.7,7.4,0.0,0.0,0.0,22.2,14.8,14.8
218,université paris 1 panthéon-sorbonne,fr,34,33,46.37,0.32052785074843054,0.698873095804193,1.0,0.5411764705882354,True,0.23529411764705882,-0.18334245508115143,0.5294117647058824,0.0,35.3,8.8,5.9,2.9,0.0,5.9,17.6,23.5
219,norwegian university of life sciences,no,19,18,46.1,0.3099737545657342,0.6881832608570878,1.0,0.5894736842105264,True,0.3157894736842105,-0.03455495836785705,0.47368421052631576,0.0,15.8,21.1,5.3,0.0,10.5,21.1,5.3,21.1
220,marmara university,tr,32,28,46.08,0.3021905877043545,0.7219066764120468,1.0,0.53125,True,0.21875,-0.09646294947340317,0.21875,0.0,40.6,9.4,6.2,0.0,3.1,6.2,12.5,21.9
221,university of bologna,it,20,18,46.04,0.3629164955419108,0.6184786793356606,1.0,0.61,True,0.35,-0.12777594747945442,0.6,0.0,15.0,0.0,0.0,0.0,0.0,35.0,20.0,30.0
222,university of pretoria,za,29,26,45.99,0.28403948384971145,0.7273295341515598,1.0,0.5655172413793104,True,0.27586206896551724,-0.16131055329560023,0.3793103448275862,0.0,31.0,6.9,24.1,3.4,3.4,6.9,10.3,13.8
223,georg-august-universität göttingen,de,21,20,45.96,0.3196612573045929,0.6960767603274739,1.0,0.5428571428571429,True,0.23809523809523808,-0.15053509087012867,0.8095238095238095,0.0,28.6,4.8,0.0,9.5,4.8,28.6,0.0,23.8
224,universitat de barcelona,es,49,42,45.82,0.3483271533300272,0.6867992343974845,1.0,0.4857142857142857,True,0.14285714285714285,-0.24122411093004403,0.5714285714285714,0.0,26.5,6.1,16.3,4.1,0.0,10.2,16.3,20.4
225,american university,us,21,21,45.53,0.33822816215120066,0.6716865164250349,1.0,0.5428571428571429,True,0.23809523809523808,-0.17938893827304536,0.3333333333333333,0.0,19.0,9.5,4.8,4.8,4.8,19.0,9.5,28.6
226,lund university,se,28,25,45.4,0.34479314423870294,0.706023899446384,1.0,0.4428571428571429,True,0.07142857142857142,-0.28331017189210433,0.5357142857142857,0.0,35.7,7.1,3.6,3.6,0.0,21.4,7.1,21.4
227,shandong university,cn,21,15,44.95,0.3388053164408805,0.7033938334982055,1.0,0.4571428571428572,True,0.09523809523809523,-0.30490523924675084,0.2857142857142857,0.0,42.9,0.0,0.0,0.0,0.0,9.5,4.8,42.9
228,universidad autónoma de baja california - campus tijuana,mx,20,15,44.5,0.3359926044252219,0.5734786793356607,1.0,0.76,True,0.6,0.06699630123594635,0.2,0.0,0.0,0.0,5.0,0.0,0.0,0.0,35.0,60.0
229,university of new mexico,us,20,20,44.04,0.2968814245780433,0.7047286793356606,1.0,0.55,True,0.25,-0.10298431454774842,0.15,0.0,35.0,10.0,0.0,0.0,5.0,25.0,5.0,20.0
230,middle east technical university,tr,15,15,44.0,0.3185265242271654,0.6582613478121837,1.0,0.6,True,0.3333333333333333,-0.22558279594541603,0.3333333333333333,0.0,20.0,0.0,0.0,6.7,6.7,6.7,13.3,46.7
231,international islamic university malaysia,my,23,21,44.0,0.2914060727775844,0.7078871435680565,1.0,0.5565217391304348,True,0.2608695652173913,-0.179056891033809,0.43478260869565216,0.0,43.5,0.0,4.3,0.0,0.0,13.0,8.7,30.4
232,university of notre dame,us,16,16,43.98,0.30104878139902586,0.7316429770396229,1.0,0.47500000000000003,True,0.125,-0.2995637322305219,0.5,0.0,50.0,0.0,0.0,12.5,0.0,0.0,6.2,31.2
233,university of copenhagen,dk,63,42,43.82,0.37992740524203694,0.6643270743786317,1.0,0.41904761904761906,True,0.031746031746031744,-0.35395743418983067,0.42857142857142855,0.0,20.6,14.3,3.2,4.8,0.0,22.2,11.1,23.8
234,romanian academy,ro,22,17,43.62,0.3060712402621598,0.6735511231768198,1.0,0.5909090909090909,True,0.3181818181818182,-0.1510541912556682,0.045454545454545456,0.0,27.3,9.1,0.0,13.6,0.0,0.0,27.3,22.7
235,warsaw school of economics,pl,16,14,43.54,0.2886826021935768,0.7141593169089041,1.0,0.5411764705882354,True,0.23529411764705882,-0.18513116701229443,0.11764705882352941,0.0,50.0,0.0,0.0,0.0,0.0,6.2,18.8,25.0
236,universiti putra malaysia,my,60,55,43.41,0.2746701360684233,0.7511143396678304,1.0,0.49,True,0.15,-0.2014469291189636,0.6,0.0,56.7,0.0,0.0,5.0,3.3,1.7,16.7,16.7
237,universidad carlos iii de madrid,es,49,47,43.37,0.35636044843392034,0.6802774952670496,1.0,0.43673469387755104,True,0.061224489795918366,-0.457465243202716,0.5510204081632653,0.0,28.6,4.1,4.1,6.1,2.0,12.2,8.2,34.7
238,university of nairobi,ke,16,15,43.3,0.28479588706032444,0.6969207548174007,1.0,0.5875,True,0.3125,-0.03701450120267136,0.25,0.0,18.8,25.0,6.2,6.2,0.0,6.2,12.5,25.0
239,universidad autónoma de madrid,es,24,23,43.12,0.33200749008411257,0.6577078903051461,1.0,0.55,True,0.25,-0.17669331679645506,0.4583333333333333,0.0,16.7,12.5,4.2,0.0,4.2,8.3,12.5,41.7
240,university of utah,us,20,19,43.04,0.2928575459408305,0.7147286793356606,1.0,0.52,True,0.2,-0.2266338029334276,0.35,0.0,40.0,0.0,5.0,5.0,0.0,10.0,0.0,40.0
241,dalian university of technology,cn,19,17,42.55,0.3649216562128651,0.6625422352160621,1.0,0.4409819639278557,False,1.0,0.285592826950529,0.47368421052631576,0.0,31.6,0.0,5.3,0.0,0.0,15.8,26.3,21.1
242,universiti utara malaysia,my,19,18,42.55,0.27683323299017293,0.7266447993186264,1.0,0.5263157894736842,True,0.21052631578947367,-0.1787251531709521,0.7368421052631579,0.0,57.9,0.0,5.3,0.0,0.0,0.0,26.3,10.5
243,wageningen university & research,nl,20,19,42.5,0.31414569686927996,0.6734786793356606,1.0,0.55,True,0.25,-0.1840575010765288,0.65,0.0,10.0,25.0,0.0,0.0,5.0,35.0,0.0,25.0
244,national taiwan university,tw,22,18,42.26,0.3127048709565535,0.7259320755577721,1.0,0.4272727272727273,True,0.045454545454545456,-0.37737861973815945,0.18181818181818182,0.0,50.0,4.5,0.0,0.0,0.0,27.3,9.1,9.1
245,simon fraser university,ca,18,18,42.04,0.31833011713247633,0.7010301887743796,1.0,0.4666666666666667,True,0.1111111111111111,-0.3179353773929131,0.5555555555555556,0.0,44.4,0.0,0.0,0.0,0.0,11.1,11.1,33.3
246,university of aveiro,pt,23,22,41.96,0.2880563843193271,0.6741662133354983,1.0,0.6086956521739131,True,0.34782608695652173,-0.0789557895461731,0.21739130434782608,0.0,26.1,4.3,13.0,0.0,0.0,17.4,17.4,21.7
247,jiangsu university,cn,16,15,41.53,0.306261808905616,0.6913651992618451,1.0,0.5125,True,0.1875,-0.19607616425135654,0.8125,0.0,37.5,0.0,6.2,0.0,6.2,12.5,18.8,18.8
248,ghent university,be,28,26,41.53,0.31447092263301496,0.6383155661130506,1.0,0.6142857142857143,True,0.35714285714285715,-0.10932034971747162,0.6428571428571429,0.0,14.3,7.1,7.1,0.0,7.1,25.0,17.9,21.4
249,china agricultural university,cn,22,21,41.45,0.2852599911639566,0.7045035041292007,1.0,0.5363636363636364,True,0.22727272727272727,-0.125681238945771,0.2727272727272727,0.0,40.9,4.5,4.5,0.0,0.0,4.5,13.6,31.8
250,moscow state university,ru,21,21,41.25,0.2952898167108526,0.6887596871567421,1.0,0.5428571428571429,True,0.23809523809523808,-0.10635917117809351,0.47619047619047616,0.0,23.8,14.3,4.8,4.8,0.0,0.0,9.5,42.9
251,shanghai university of finance and economics,cn,15,13,40.99,0.34136893739375856,0.6954042049550407,1.0,0.4,True,0.0,-0.38309890459514445,0.13333333333333333,0.0,40.0,0.0,0.0,0.0,0.0,6.7,6.7,46.7
252,xi'an jiaotong university,cn,20,19,40.95,0.3168598013929923,0.6459786793356607,1.0,0.5800000000000001,True,0.3,-0.09791243084397416,0.55,0.0,30.0,0.0,0.0,0.0,0.0,5.0,30.0,35.0
253,seoul national university,kr,34,32,40.86,0.3443890771351071,0.6229471698782673,1.0,0.5588235294117647,True,0.2647058823529412,-0.18670525692108786,0.38235294117647056,0.0,14.7,2.9,2.9,2.9,0.0,47.1,11.8,17.6
254,university of the witwatersrand,za,16,16,40.77,0.29710061022234274,0.7121985325951785,1.0,0.47500000000000003,True,0.125,-0.23825790807356334,0.3125,0.0,31.2,25.0,6.2,0.0,0.0,6.2,18.8,12.5
255,université paris-nanterre,fr,16,15,40.55,0.2913177432772224,0.7010874214840673,1.0,0.5125,True,0.1875,-0.25126935870008427,0.375,0.0,31.2,0.0,12.5,0.0,12.5,0.0,6.2,37.5
256,university of minho,pt,24,21,40.23,0.29582080847136044,0.6667987993960551,1.0,0.5750000000000001,True,0.2916666666666667,-0.14074965844986204,0.25,0.0,33.3,8.3,0.0,0.0,0.0,8.3,29.2,20.8
257,universidade de são paulo,br,62,53,40.18,0.30519009901284294,0.722428624066176,1.0,0.41935483870967744,True,0.03225806451612903,-0.4444082744670831,0.14516129032258066,0.0,46.8,1.6,3.2,1.6,3.2,8.1,14.5,21.0
258,university of vienna,at,15,15,39.86,0.2965126640760295,0.7039756335264693,1.0,0.48000000000000004,True,0.13333333333333333,-0.3376576036339602,0.4666666666666667,0.0,26.7,13.3,13.3,0.0,0.0,13.3,6.7,26.7
259,gazi üniversitesi,tr,15,14,39.08,0.2801667217458577,0.699689919240755,1.0,0.52,True,0.2,-0.09885322184718476,0.06666666666666667,0.0,40.0,6.7,0.0,0.0,0.0,0.0,13.3,40.0
260,university of zagreb,hr,17,17,38.74,0.2723279233745639,0.6970039776601737,1.0,0.5411764705882354,True,0.23529411764705882,-0.1141731734161171,0.23529411764705882,0.0,23.5,5.9,11.8,11.8,0.0,11.8,5.9,29.4
261,university of benin,ng,18,18,38.71,0.2564288329963069,0.7326091361428007,1.0,0.5,True,0.16666666666666666,-0.14650017895184586,0.2222222222222222,0.0,50.0,11.1,0.0,0.0,0.0,0.0,11.1,27.8
262,ankara university,tr,19,18,38.57,0.29527636160326565,0.6894653121391391,1.0,0.49473684210526314,True,0.15789473684210525,-0.24315411293510203,0.10526315789473684,0.0,36.8,0.0,0.0,10.5,5.3,0.0,21.1,26.3
263,universidade do minho,pt,15,15,38.52,0.2827883862055531,0.709689919240755,1.0,0.48000000000000004,True,0.13333333333333333,-0.24959777963400331,0.26666666666666666,0.0,46.7,0.0,0.0,0.0,0.0,13.3,6.7,33.3
264,universidade do porto,pt,20,20,38.51,0.28186161552508004,0.6934786793356607,1.0,0.52,True,0.2,-0.19812745142377824,0.15,0.0,35.0,0.0,10.0,0.0,0.0,0.0,10.0,45.0
265,ecole des hautes etudes en sciences sociales,fr,15,15,38.42,0.34671753559109003,0.6954042049550407,1.0,0.34103206412825654,False,0.8666666666666667,0.17203374156961096,0.26666666666666666,0.0,33.3,6.7,6.7,6.7,0.0,6.7,20.0,20.0
266,university of johannesburg,za,15,15,38.26,0.27603346524996314,0.7154042049550409,1.0,0.48000000000000004,True,0.13333333333333333,-0.28692830864855523,0.26666666666666666,0.0,40.0,0.0,20.0,0.0,0.0,13.3,13.3,13.3
267,universidad rey juan carlos,es,23,20,37.97,0.28786444888575596,0.6892824924052658,1.0,0.5043478260869565,True,0.17391304347826086,-0.12057466910495007,0.5652173913043478,0.0,17.4,0.0,39.1,0.0,0.0,0.0,13.0,30.4
268,china university of geosciences,cn,16,16,37.88,0.35053086189983623,0.6469207548174007,1.0,0.4346693386773547,False,1.0,0.2677509670456713,0.6875,0.0,18.8,6.2,0.0,0.0,0.0,43.8,18.8,12.5
269,southwestern university of finance and economics,cn,20,18,37.77,0.32864001104296714,0.6859786793356607,1.0,0.4,True,0.0,-0.43857377360405675,0.3,0.0,35.0,0.0,5.0,0.0,0.0,10.0,10.0,40.0
270,cairo university,eg,15,14,37.76,0.2678199633707876,0.7382613478121836,1.0,0.44,True,0.06666666666666667,-0.2038072383966596,0.4,0.0,53.3,0.0,6.7,0.0,0.0,13.3,0.0,26.7
271,universidad complutense de madrid,es,51,48,37.62,0.31060584729100277,0.6751992559637525,1.0,0.47058823529411764,True,0.11764705882352941,-0.294651440072558,0.3333333333333333,0.0,27.5,3.9,13.7,0.0,0.0,2.0,13.7,39.2
272,north-west university,za,28,21,37.61,0.31526209653603326,0.6633155661130505,1.0,0.4857142857142857,True,0.14285714285714285,-0.2102499595679836,0.21428571428571427,0.0,28.6,7.1,3.6,0.0,0.0,3.6,21.4,35.7
273,stockholm university,se,20,20,37.45,0.2696363672928134,0.7509786793356608,1.0,0.4,True,0.0,-0.349221073903773,0.25,0.0,40.0,25.0,5.0,0.0,5.0,0.0,5.0,20.0
274,hunan university,cn,17,17,36.56,0.2933502172787508,0.717274247930444,1.0,0.4,True,0.0,-0.40371136554014025,0.29411764705882354,0.0,47.1,0.0,0.0,0.0,0.0,11.8,0.0,41.2
275,universidad nacional de educación a distancia,es,15,15,36.22,0.29400907387797365,0.6454042049550407,1.0,0.56,True,0.26666666666666666,-0.17291796272387167,0.2,0.0,13.3,6.7,6.7,0.0,0.0,0.0,20.0,53.3
276,alexandru ioan cuza university,ro,19,17,36.06,0.2699363813615452,0.6888242864981136,1.0,0.52,True,0.2,-0.11673693494487672,0.0,0.0,42.1,5.3,0.0,0.0,5.3,0.0,26.3,26.3
277,university of cape town,za,35,30,35.92,0.3027907633130746,0.694348130425935,1.0,0.41714285714285715,True,0.02857142857142857,-0.3447251274910898,0.4,0.0,34.3,2.9,5.7,0.0,5.7,20.0,8.6,22.9
278,university of ghana,gh,20,19,35.55,0.26349114807652685,0.7309786793356606,1.0,0.43000000000000005,True,0.05,-0.2615231236401189,0.3,0.0,40.0,10.0,0.0,10.0,0.0,15.0,0.0,25.0
279,aristotle university of thessaloniki,gr,20,20,34.57,0.2758202082602578,0.6709786793356607,1.0,0.52,True,0.2,-0.14510674718331934,0.4,0.0,35.0,0.0,5.0,0.0,0.0,5.0,25.0,30.0
280,university of oslo,no,20,17,34.52,0.3021105049158392,0.6534786793356606,1.0,0.49,True,0.15,-0.24938792873159765,0.25,0.0,15.0,10.0,5.0,0.0,0.0,20.0,10.0,40.0
281,istanbul university,tr,46,43,34.2,0.2735026077065067,0.683168896567067,1.0,0.491304347826087,True,0.15217391304347827,-0.2048056517366461,0.2608695652173913,0.0,32.6,2.2,6.5,6.5,2.2,0.0,17.4,32.6
282,universidad de granada,es,15,15,33.95,0.2991670117736422,0.622547062097898,1.0,0.56,True,0.26666666666666666,-0.09577925553054162,0.8,0.0,0.0,6.7,6.7,0.0,0.0,20.0,13.3,53.3
283,university of pavia,it,15,14,33.68,0.32993844638197045,0.6196899192407551,1.0,0.48000000000000004,True,0.13333333333333333,-0.18084101630388344,0.4666666666666667,0.0,13.3,0.0,0.0,0.0,6.7,26.7,33.3,20.0
284,universitat de valència,es,17,17,33.62,0.2886179651962758,0.6402472209034169,1.0,0.5411764705882354,True,0.23529411764705882,-0.15486329018434947,0.6470588235294118,0.0,5.9,17.6,11.8,0.0,0.0,0.0,29.4,35.3
285,universidad de salamanca,es,20,19,32.91,0.2753227357311992,0.6334786793356606,1.0,0.5800000000000001,True,0.3,-0.05434343615209902,0.6,0.0,10.0,10.0,10.0,0.0,0.0,5.0,25.0,40.0
286,marmara üniversitesi,tr,21,21,32.75,0.2679166962513716,0.7265645652055226,1.0,0.37980961923847695,False,1.0,0.24567987563780602,0.19047619047619047,0.0,42.9,4.8,9.5,0.0,0.0,9.5,4.8,28.6
287,universidad de sevilla,es,17,17,32.43,0.2858090417934782,0.6497066803628765,1.0,0.5058823529411764,True,0.17647058823529413,-0.1260919594290204,0.6470588235294118,0.0,23.5,0.0,5.9,0.0,0.0,0.0,23.5,47.1
288,university of tehran,ir,33,28,30.73,0.2862200259321173,0.6818707013854043,1.0,0.4,True,0.0,-0.32967954402426797,0.09090909090909091,0.0,33.3,6.1,0.0,0.0,0.0,6.1,9.1,45.5
289,universidad nacional autónoma de méxico,mx,34,31,30.19,0.3160587076041488,0.6210953180264154,1.0,0.45294117647058824,True,0.08823529411764706,-0.31052364498843205,0.2647058823529412,0.0,14.7,5.9,2.9,0.0,0.0,0.0,14.7,61.8
290,loughborough university,gb,36,32,29.96,0.34877287874018253,0.7239133423826148,1.0,0.12174348697394789,False,0.6666666666666666,0.13210147048283002,0.3055555555555556,0.0,50.0,2.8,2.8,2.8,0.0,5.6,19.4,16.7
291,university of coimbra,pt,27,27,29.9,0.2718031514697435,0.6635988760303495,1.0,0.4666666666666667,True,0.1111111111111111,-0.2852658814389214,0.4444444444444444,0.0,11.1,22.2,7.4,3.7,0.0,7.4,14.8,33.3
292,federal university of rio grande do sul,br,20,19,29.74,0.2531947235857698,0.7259786793356607,1.0,0.3679358717434869,False,1.0,0.21512408927592408,0.2,0.0,40.0,0.0,15.0,10.0,0.0,0.0,10.0,25.0
293,taras shevchenko national university of kyiv,ua,24,22,29.58,0.2521730529524243,0.7122533448506005,1.0,0.4,True,0.0,-0.2776439297311254,0.08333333333333333,0.0,41.7,0.0,12.5,0.0,0.0,4.2,12.5,29.2
294,tehran university of medical sciences,ir,19,16,27.51,0.2702439190351878,0.684337107010934,1.0,0.3808617234468938,False,1.0,0.24811608865579035,0.15789473684210525,0.0,31.6,10.5,0.0,5.3,0.0,0.0,21.1,31.6
295,bucharest university of economic studies,ro,59,51,27.25,0.25898826465466357,0.6783436351066636,1.0,0.4203389830508475,True,0.03389830508474576,-0.3324106648326234,0.1694915254237288,0.0,22.0,11.9,10.2,8.5,5.1,3.4,20.3,18.6
296,north china electric power university,cn,15,15,27.1,0.33316361158485963,0.6125470620978979,1.0,0.3734969939879759,False,1.0,0.23216617497774422,0.4,0.0,6.7,0.0,0.0,0.0,0.0,40.0,20.0,33.3
297,new school for social research,us,23,23,26.86,0.3471231921421823,0.70091039938201,1.0,0.12580160320641282,False,0.6086956521739131,0.14707519097302704,0.5217391304347826,0.0,39.1,4.3,4.3,4.3,0.0,13.0,17.4,17.4
298,university of lucknow,in,19,19,25.03,0.259027961785232,0.8035678762417032,1.0,0.08942885771543085,False,1.0,0.06823208575696638,0.10526315789473684,0.0,84.2,0.0,0.0,0.0,0.0,0.0,5.3,10.5
299,university of texas at dallas,us,15,15,24.84,0.3281661800598845,0.709689919240755,1.0,0.12069138276553106,False,0.8,0.12874724533013146,0.3333333333333333,0.0,33.3,6.7,6.7,0.0,6.7,26.7,0.0,20.0
300,tbilisi state university,ge,16,11,24.57,0.2858423604266236,0.7760874214840674,1.0,0.07409819639278557,False,0.625,0.030443582641605155,0.125,0.0,62.5,6.2,6.2,6.2,0.0,6.2,0.0,12.5
301,universidade de aveiro,pt,22,21,24.34,0.24974161215999816,0.675932075557772,1.0,0.4,True,0.0,-0.28524730949721105,0.3181818181818182,0.0,22.7,9.1,4.5,4.5,0.0,9.1,9.1,40.9
302,nagoya university,jp,15,15,23.93,0.29805672821787826,0.7525470620978979,1.0,0.08522044088176352,False,0.6666666666666666,0.05849185769878343,0.4666666666666667,0.0,66.7,0.0,0.0,0.0,0.0,6.7,6.7,20.0
303,southwest jiaotong university,cn,18,17,22.77,0.3090352892853054,0.7273459782480639,1.0,0.09453907815631263,False,0.8333333333333334,0.08015962654729339,0.2222222222222222,0.0,55.6,0.0,0.0,0.0,0.0,0.0,11.1,33.3
304,kobe university,jp,26,24,22.7,0.27449546376165834,0.7769379820310093,1.0,0.06973947895791584,False,0.5384615384615384,0.012975514248297376,0.15384615384615385,0.0,61.5,7.7,0.0,0.0,0.0,7.7,0.0,23.1
305,universidad de málaga,es,20,19,22.2,0.2815243528350866,0.5722286793356607,1.0,0.52,True,0.2,-0.24930018914491553,0.35,0.0,0.0,0.0,5.0,0.0,5.0,0.0,40.0,50.0
306,universidade federal de viçosa,br,19,16,21.3,0.28438328484165454,0.7535678762417033,1.0,0.07349699398797595,False,0.5789473684210527,0.028518966467653922,0.21052631578947367,0.0,63.2,0.0,0.0,5.3,0.0,5.3,10.5,15.8
307,beijing institute of technology,cn,45,43,20.84,0.3574967644850887,0.645217648821945,1.0,0.12339679358717434,False,0.6888888888888889,0.1383129142427427,0.4444444444444444,0.0,20.0,4.4,6.7,4.4,0.0,20.0,13.3,31.1
308,university of electronic science and technology of china,cn,22,22,20.7,0.3092163525634754,0.712836837462534,1.0,0.09198396793587173,False,0.7727272727272727,0.07691540767638769,0.3181818181818182,0.0,45.5,0.0,4.5,0.0,0.0,13.6,9.1,27.3
309,university of siena,it,24,22,18.55,0.3469176022051984,0.6395260721233279,1.0,0.12505010020040078,False,0.875,0.1446744415144056,0.3333333333333333,0.0,16.7,4.2,4.2,4.2,0.0,37.5,16.7,16.7
310,university of new orleans,us,16,16,18.5,0.27115867284960926,0.7677540881507341,1.0,0.026903807615230462,False,0.5625,-0.0025947144066771066,0.3125,0.0,68.8,0.0,6.2,0.0,0.0,18.8,6.2,0.0
311,beihang university,cn,15,13,18.28,0.31891711878195145,0.6754042049550407,1.0,0.11122244488977955,False,0.6666666666666666,0.10716610234828752,0.26666666666666666,0.0,33.3,0.0,0.0,0.0,0.0,20.0,13.3,33.3
312,university of madras,in,18,18,16.0,0.2686448895951558,0.7523459782480638,1.0,0.026152304609218437,False,0.4444444444444444,-0.0051089950208001444,0.3333333333333333,0.0,61.1,0.0,0.0,5.6,0.0,0.0,5.6,27.8
313,aligarh muslim university,in,21,21,15.95,0.26350925113231416,0.7582718822786934,1.0,0.025100200400801603,False,0.47619047619047616,-0.01154516721008475,0.19047619047619047,0.0,61.9,0.0,0.0,4.8,0.0,9.5,4.8,19.0
314,tarbiat modares university,ir,26,26,15.81,0.28408501430430555,0.7128075472484007,1.0,0.07394789579158316,False,0.5769230769230769,0.02994164213144243,0.07692307692307693,0.0,42.3,3.8,3.8,0.0,0.0,0.0,7.7,42.3
315,technical university of ostrava,cz,17,9,13.11,0.33119400878870386,0.6186255992817952,1.0,0.12099198396793587,False,0.8235294117647058,0.12954886124355866,0.17647058823529413,0.0,5.9,11.8,0.0,0.0,5.9,0.0,29.4,47.1
316,colegio de postgraduados,mx,30,30,10.97,0.24175968216316626,0.5997829434685285,1.0,0.3662825651302605,False,1.0,0.20875589834153346,0.03333333333333333,0.0,3.3,3.3,3.3,0.0,0.0,0.0,3.3,86.7
317,university of belgrade,rs,17,15,9.81,0.25711059977397716,0.721328301984498,1.0,0.02149298597194389,False,0.47058823529411764,-0.03169149955319947,0.4117647058823529,0.0,41.2,5.9,0.0,0.0,11.8,5.9,0.0,35.3
318,universidade de santiago de compostela,es,16,15,9.31,0.2975589177870984,0.644142977039623,1.0,0.0849198396793587,False,0.625,0.056805836702673446,0.625,0.0,18.8,6.2,6.2,0.0,0.0,6.2,31.2,31.2
319,"islamic azad university, science and research branch",ir,16,15,7.37,0.26302835793310136,0.6955318659285119,1.0,0.023446893787575147,False,0.3125,-0.02088792296881986,0.1875,0.0,31.2,6.2,6.2,6.2,0.0,6.2,12.5,31.2
320,ivane javakhishvili tbilisi state university,ge,16,16,7.13,0.25026324877548706,0.7108096437062896,1.0,0.017585170340681362,False,0.25,-0.04960941857345205,0.125,0.0,37.5,6.2,6.2,12.5,0.0,0.0,18.8,18.8
321,universidad de valladolid,es,15,15,6.07,0.2653804467345798,0.6539756335264694,1.0,0.09153306613226453,False,1.0,0.07400545699375785,0.6666666666666666,0.0,13.3,6.7,13.3,0.0,0.0,0.0,20.0,46.7
